ItemCode,ItemName,ItemsGroupCode,PurchaseItem,SalesItem,InventoryItem,ItemType,AssetClass,AssetGroup,Location,Floor,Room no,Room name',PurchaseDate,UseFullLifeDate,CapitalizationDate,Remaining Days,Used Life Days,Remaning Months,Used Life months,Remaining LifeYears,Used Life Years,Depriciation Rate,Quantity,Price,,Vendor,Invoice,Purchase order,Price ,Total,Date
,5 KVA Voltage stabiliser,,,,,Equipment,,,CVRB,2,208,William Shockley Lab-ANALOG ELECTRONIC CIRCUITS  LAB,28.01.2005,,,,,,,,,,2,7322,,Micro Logics,95,,7322,14644,
,Decade Resistance Box-5DIALS,,,,,Equipment,,,CVRB,2,208,William Shockley Lab-ANALOG ELECTRONIC CIRCUITS  LAB,31.01.2005,,,,,,,,,,24,1202.9,,UDAY Engineers,125,,1202.9,28869.6,
,Decade Capacitance Box-5DIALS,,,,,Equipment,,,CVRB,2,208,William Shockley Lab-ANALOG ELECTRONIC CIRCUITS  LAB,31.01.2005,,,,,,,,,,12,1307.5,,UDAY Engineers,125,,1307.5,15690,
,Decade Inductance Box-5DIALS,,,,,Equipment,,,CVRB,2,208,William Shockley Lab-ANALOG ELECTRONIC CIRCUITS  LAB,31.01.2005,,,,,,,,,,12,1464.4,,UDAY Engineers,125,,1464.4,17572.8,
,DC Regulated Power Supply,,,,,Equipment,,,CVRB,2,208,William Shockley Lab-ANALOG ELECTRONIC CIRCUITS  LAB,21.02.2005,,,,,,,,,,20,8898.85,,ELPOWER Systems Pvt Ltd.,22,,8898.85,177977,
,Digital Storage Oscilloscope 36060 DC,,,,,Equipment,,,CVRB,2,208,William Shockley Lab-ANALOG ELECTRONIC CIRCUITS  LAB,31.01.2005,,,,,,,,,,1,57200,,APLAB Limited,42521747,,57200,57200,
,ANALOG & DIGITAL IC TESTER-ADIT40,,,,,Equipment,,,CVRB,2,208,William Shockley Lab-ANALOG ELECTRONIC CIRCUITS  LAB,31.01.2005,,,,,,,,,,1,19989.06,,UDAY Engineers,125,,19989.06,19989.06,
,SPRING BOARDS-32PINS,,,,,TERMINALS BOARD,,,CVRB,2,208,William Shockley Lab-ANALOG ELECTRONIC CIRCUITS  LAB,30.03.2005,,,,,,,,,,20,416,,DIGITRONIX Measuring Instruments,57,,416,8320,
,SPRING BOARDS-16PINS+4PINS,,,,,TERMINALS BOARD,,,CVRB,2,208,William Shockley Lab-ANALOG ELECTRONIC CIRCUITS  LAB,30.03.2005,,,,,,,,,,20,312,,DIGITRONIX Measuring Instruments,57,,312,6240,
,ANALOG MULTIMETER-5050E,,,,,Interface Board/ Kit,,,CVRB,2,208,William Shockley Lab-ANALOG ELECTRONIC CIRCUITS  LAB,30.03.2005,,,,,,,,,,15,2080,,DIGITRONIX Measuring Instruments,57,,2080,31200,
,DIGITAL MULTIMETER-UT39E,,,,,Interface Board/ Kit,,,CVRB,2,208,William Shockley Lab-ANALOG ELECTRONIC CIRCUITS  LAB,30.03.2005,,,,,,,,,,8,2964,,DIGITRONIX Measuring Instruments,57,,2964,23712,
,iLearnMore Basic Electronics,,,,,Software,,,CVRB,2,208,William Shockley Lab-ANALOG ELECTRONIC CIRCUITS  LAB,11.06.2012,,,,,,,,,,1,10500,,Sparsha Learning Technologies,SLAB1DOT5054,,10500,10500,
,iLearnMore Analog Electronics,,,,,Software,,,CVRB,2,208,William Shockley Lab-ANALOG ELECTRONIC CIRCUITS  LAB,11.06.2012,,,,,,,,,,1,10500,,Sparsha Learning Technologies,SLAB1DOT5055,,10500,10500,
,iLearnMore Network Analysis,,,,,Software,,,CVRB,2,208,William Shockley Lab-ANALOG ELECTRONIC CIRCUITS  LAB,11.06.2012,,,,,,,,,,1,10500,,Sparsha Learning Technologies,SLAB1DOT5056,,10500,10500,
,RISHABH Digital Multi meter ,,,,,Equipment,,,CVRB,2,208,William Shockley Lab-ANALOG ELECTRONIC CIRCUITS  LAB,29.04.2013,,,,,,,,,,15,1793.5,,Scientific & Industrial Equipment Co.  ,3,,1793.5,26902.5,
,ASLK PRO Kits,,,,,Trainer Kit,,,CVRB,2,208,William Shockley Lab-ANALOG ELECTRONIC CIRCUITS  LAB,11.08.2014,,,,,,,,,,6,0,,Starcom Information Technology Limited,NDC - 004,,0,0,
,DIGITAL MULTIMETER-Rishab 410,,,,,Equipment,,,CVRB,2,208,William Shockley Lab-ANALOG ELECTRONIC CIRCUITS  LAB,12.03.2015,,,,,,,,,,10,2004.5,,PAN Electronics,456,,2004.5,20045,
,Digital Storage Oscilloscope 30MHz 5032,,,,,Equipment,,,CVRB,2,208,William Shockley Lab-ANALOG ELECTRONIC CIRCUITS  LAB,10.4.2015,,,,,,,,,,4,23210,,PAN Electronics,12,,23210,92840,
,Function Generator TMI,,,,,Equipment,,,CVRB,2,208,William Shockley Lab-ANALOG ELECTRONIC CIRCUITS  LAB,14.11.2015,,,,,,,,,,15,8229,,Technilab Instruments,30,,8229,123435,
,CHARTS,,,,,Charts,,,CVRB,2,208,William Shockley Lab-ANALOG ELECTRONIC CIRCUITS  LAB,data not available,,,,,,,,,,7,0,,Miscellany Tech Systams,data not available,,0,0,
,Decade Capacitance Box-6DIALS,,,,,Equipment,,,CVRB,2,208,William Shockley Lab-ANALOG ELECTRONIC CIRCUITS  LAB,22.8.2016,,,,,,,,,,5,2656.4,,UDAY Engineers,25,,2656.4,13282,
,Decade Inductance Box-6DIALS,,,,,Equipment,,,CVRB,2,208,William Shockley Lab-ANALOG ELECTRONIC CIRCUITS  LAB,22.8.2016,,,,,,,,,,5,2564.8,,UDAY Engineers,25,,2564.8,12824,
,Terminal Board,,,,,Equipment,,,CVRB,2,208,William Shockley Lab-ANALOG ELECTRONIC CIRCUITS  LAB,22.8.2016,,,,,,,,,,15,1465.6,,UDAY Engineers,25,,1465.6,21984,
,"Multi Output Power Supplies - 0-30V, -2Amps Dual & +/-12v & 5v DC",,,,,Equipment,,,CVRB,2,208,William Shockley Lab-ANALOG ELECTRONIC CIRCUITS  LAB,13.10.2016,,,,,,,,,,5,10797.2857142857,,Technilab Instruments,35,,10797.2857142857,53986.4285714286,
,Cathode Ray Oscilloscope-20Mhz (Vartech),,,,,Equipment,,,CVRB,2,208,William Shockley Lab-ANALOG ELECTRONIC CIRCUITS  LAB,24.1.2017,,,,,,,,,,10,16837.8,,PAN Electronics,332,,16837.8,168378,
,"DC Power Supplies 0-30V, -2Amps Dual",,,,,Equipment,,,CVRB,2,208,William Shockley Lab-ANALOG ELECTRONIC CIRCUITS  LAB,24.1.2017,,,,,,,,,,10,13293,,PAN Electronics,332,,13293,132930,
,NI Virtual Instrumentation Lab & NI Analog Discovery for Virtual Instrumentation Hardware,,,,,Equipment,,,CVRB,2,208,William Shockley Lab-ANALOG ELECTRONIC CIRCUITS  LAB,02.03.2017,,,,,,,,,,15,54925.63,,NI Systems India Pvt. Ltd.,16/170645/sales,,54925.63,823884.52,
,APLAB 30 MHz Dual Trace CRO 3706C,,,,,Equipment,,,CVRB,2,208,William Shockley Lab-ANALOG ELECTRONIC CIRCUITS  LAB,22.2.2018,,,,,,,,,,5,18500,,APLAB Limited,17300603,,18500,92500,
,Digital Storage Oscilloscope GDS 1102 U 100MHz(Replaced with RIT/EC/EC/8/1-10),,,,,Equipment,,,CVRB,2,208,William Shockley Lab-ANALOG ELECTRONIC CIRCUITS  LAB,25.3.2019,,,,,,,,,,10,24780,,Integrated Services and Consultancy,IT/2018-19/553,,24780,247800,
,Digital Storage Oscilloscope GDS 1102 U 100MHz (Replaced with RIT/EC/EC/9/1-3),,,,,Equipment,,,CVRB,2,208,William Shockley Lab-ANALOG ELECTRONIC CIRCUITS  LAB,25.3.2019,,,,,,,,,,3,24780,,Integrated Services and Consultancy,IT/2018-19/553,,24780,74340,
,Digital Storage Oscilloscope GDS 1102 U 100MHz (Replaced with RIT/EC/EC/10/1-4),,,,,Equipment,,,CVRB,2,208,William Shockley Lab-ANALOG ELECTRONIC CIRCUITS  LAB,25.3.2019,,,,,,,,,,4,24780,,Integrated Services and Consultancy,IT/2018-19/553,,24780,99120,
,APLAB 3 MHz Multiwaveform signal generator MSG3M,,,,,Equipment,,,CVRB,2,208,William Shockley Lab-ANALOG ELECTRONIC CIRCUITS  LAB,10.6.2019,,,,,,,,,,15,7072.92,,APLAB Limited,19510019,,7072.92,106093.8,
,"Desktop type Micro Ammeter0-500UA, DC",,,,,Equipment,,,CVRB,2,208,William Shockley Lab-ANALOG ELECTRONIC CIRCUITS  LAB,12.8.2019,,,,,,,,,,10,1239,,Technilab Instruments,22,,1239,12390,
,Digital Multimeter 3 3/4 digit VC97,,,,,Equipment,,,CVRB,2,208,William Shockley Lab-ANALOG ELECTRONIC CIRCUITS  LAB,26.08.2019,,,,,,,,,,25,1947,,APLAB Limited,19520367,,1947,48675,
,DIGITAL IC TRAINER-4001,,,,,Trainer Kit,,,CVRB,2,209,Vikram Sarabhai Lab-DIGITAL ELECTRONIC CIRCUITS LAB,31.01.2005,,,,,,,,,,10,4079.4,,UDAY Engineers,125,,4079.4,40794,
,DIGITAL IC TRAINER-4002,,,,,Trainer Kit,,,CVRB,2,209,Vikram Sarabhai Lab-DIGITAL ELECTRONIC CIRCUITS LAB,31.01.2005,,,,,,,,,,1,4550.1,,UDAY Engineers,125,,4550.1,4550.1,
,DIGITAL IC TRAINER-4003,,,,,Trainer Kit,,,CVRB,2,209,Vikram Sarabhai Lab-DIGITAL ELECTRONIC CIRCUITS LAB,31.01.2005,,,,,,,,,,1,4393.2,,UDAY Engineers,125,,4393.2,4393.2,
,DIGITAL IC TRAINER-4003A,,,,,Trainer Kit,,,CVRB,2,209,Vikram Sarabhai Lab-DIGITAL ELECTRONIC CIRCUITS LAB,29.08.2006,,,,,,,,,,25,6480,,UDAY Engineers,44,,6480,162000,
,Cathode Ray Oscilloscope -20Mhz-201-LS (WITH LOGIC SCOPE),,,,,Equipment,,,CVRB,2,209,Vikram Sarabhai Lab-DIGITAL ELECTRONIC CIRCUITS LAB,21.07.2006,,,,,,,,,,7,16731,,SCIENTECH Technologies Pvt.Ltd,226,,16731,200772,
,iLearnMore Logic Design,,,,,Software,,,CVRB,2,209,Vikram Sarabhai Lab-DIGITAL ELECTRONIC CIRCUITS LAB,06.11.2012,,,,,,,,,,1,10500,,Sparsha Learning Technologies,SLAB1DOT5054,,10500,10500,
,Universal IC Tester MME-UT 20,,,,,Equipment,,,CVRB,2,209,Vikram Sarabhai Lab-DIGITAL ELECTRONIC CIRCUITS LAB,06.05.2013,,,,,,,,,,1,16717,,Minmax Electronics,4188,,16717,16717,
,DIGITAL IC TRAINER,,,,,Equipment,,,CVRB,2,209,Vikram Sarabhai Lab-DIGITAL ELECTRONIC CIRCUITS LAB,12.3.2015,,,,,,,,,,4,14031.5,,PAN Electronics,456,,14031.5,56126,
,CHARTS,,,,,Charts,,,CVRB,2,209,Vikram Sarabhai Lab-DIGITAL ELECTRONIC CIRCUITS LAB,data not available,,,,,,,,,,6,0,,Miscellany Tech Systems,data not available,,0,0,
,APLAB 30 MHz Dual Trace CRO 3706C,,,,,Equipment,,,CVRB,2,209,Vikram Sarabhai Lab-DIGITAL ELECTRONIC CIRCUITS LAB,22.2.2018,,,,,,,,,,5,18500,,APLAB Limited,17300603,,18500,92500,
,8085MP TRAINER KITS-MPS 85-3,,,,,Trainer Kit,,,CVRB,2,207,Vinod Dham Lab-MICROPROCESSORS LAB,29.01.2005,,,,,,,,,,12,3542.1108096,,Electro System Associates Pvt. Ltd,480,,3542.1108096,42505.3297152,
,8085MP TRAINER KITS-MPS 85-3,,,,,Trainer Kit,,,CVRB,2,207,Vinod Dham Lab-MICROPROCESSORS LAB,17.03.2006,,,,,,,,,,13,3831.5642,,Electro System Associates Pvt. Ltd,242,,3831.5642,49810.3346,
,"POWER SUPPLY 5V,12V,30V-ESA PS M2",,,,,Equipment,,,CVRB,2,207,Vinod Dham Lab-MICROPROCESSORS LAB,29.01.2005,,,,,,,,,,12,1292.0167296,,Electro System Associates Pvt. Ltd,480,,1292.0167296,15504.2007552,
,"POWER SUPPLY 5V,12V,30V-ESA PS M2",,,,,Equipment,,,CVRB,2,207,Vinod Dham Lab-MICROPROCESSORS LAB,17.03.2006,,,,,,,,,,13,1397.5682,,Electro System Associates Pvt. Ltd,242,,1397.5682,18168.3866,
,8255 STUDY CARD,,,,,Interface Board/ Kit,,,CVRB,2,207,Vinod Dham Lab-MICROPROCESSORS LAB,29.01.2005,,,,,,,,,,2,1023.4571136,,Electro System Associates Pvt. Ltd,480,,1023.4571136,2046.9142272,
,8255 STUDY CARD,,,,,Interface Board/ Kit,,,CVRB,2,207,Vinod Dham Lab-MICROPROCESSORS LAB,17.03.2006,,,,,,,,,,3,1107.059,,Electro System Associates Pvt. Ltd,242,,1107.059,3321.177,
,8279 STUDY CARD,,,,,Interface Board/ Kit,,,CVRB,2,207,Vinod Dham Lab-MICROPROCESSORS LAB,29.01.2005,,,,,,,,,,2,2045.6772736,,Electro System Associates Pvt. Ltd,480,,2045.6772736,4091.3545472,
,8279 STUDY CARD,,,,,Interface Board/ Kit,,,CVRB,2,207,Vinod Dham Lab-MICROPROCESSORS LAB,17.03.2006,,,,,,,,,,3,2212.826,,Electro System Associates Pvt. Ltd,242,,2212.826,6638.478,
,16 CH. ADC INTERFACE- IF-16ADC8,,,,,Interface Board/ Kit,,,CVRB,2,207,Vinod Dham Lab-MICROPROCESSORS LAB,29.01.2005,,,,,,,,,,2,1615.0141056,,Electro System Associates Pvt. Ltd,480,,1615.0141056,3230.0282112,
,16 CH. ADC INTERFACE- IF-16ADC8,,,,,Interface Board/ Kit,,,CVRB,2,207,Vinod Dham Lab-MICROPROCESSORS LAB,17.03.2006,,,,,,,,,,3,1746.9644,,Electro System Associates Pvt. Ltd,242,,1746.9644,5240.8932,
,DUAL DAC INTERFACE- DDAC,,,,,Interface Board/ Kit,,,CVRB,2,207,Vinod Dham Lab-MICROPROCESSORS LAB,29.01.2005,,,,,,,,,,2,753.687769600001,,Electro System Associates Pvt. Ltd,480,,753.687769600001,1507.3755392,
,DUAL DAC INTERFACE- DDAC,,,,,Interface Board/ Kit,,,CVRB,2,207,Vinod Dham Lab-MICROPROCESSORS LAB,17.03.2006,,,,,,,,,,3,815.2412,,Electro System Associates Pvt. Ltd,242,,815.2412,2445.7236,
,4 DIGIT 7 SEGMENT DISPLAY- IF-DIS,,,,,Interface Board/ Kit,,,CVRB,2,207,Vinod Dham Lab-MICROPROCESSORS LAB,29.01.2005,,,,,,,,,,2,753.687769600001,,Electro System Associates Pvt. Ltd,480,,753.687769600001,1507.3755392,
,4 DIGIT 7 SEGMENT DISPLAY- IF-DIS,,,,,Interface Board/ Kit,,,CVRB,2,207,Vinod Dham Lab-MICROPROCESSORS LAB,17.03.2006,,,,,,,,,,3,815.2412,,Electro System Associates Pvt. Ltd,242,,815.2412,2445.7236,
,CALCULATOR TYPE KEYBOARD- IF-KBD,,,,,Interface Board/ Kit,,,CVRB,2,207,Vinod Dham Lab-MICROPROCESSORS LAB,29.01.2005,,,,,,,,,,2,753.687769600001,,Electro System Associates Pvt. Ltd,480,,753.687769600001,1507.3755392,
,CALCULATOR TYPE KEYBOARD- IF-KBD,,,,,Interface Board/ Kit,,,CVRB,2,207,Vinod Dham Lab-MICROPROCESSORS LAB,17.03.2006,,,,,,,,,,3,931.7066,,Electro System Associates Pvt. Ltd,242,,931.7066,2795.1198,
,LOGIC CONTROLLER INTERFACE- IF-LC,,,,,Interface Board/ Kit,,,CVRB,2,207,Vinod Dham Lab-MICROPROCESSORS LAB,29.01.2005,,,,,,,,,,2,3122.3351936,,Electro System Associates Pvt. Ltd,480,,3122.3351936,6244.6703872,
,LOGIC CONTROLLER INTERFACE- IF-LC,,,,,Interface Board/ Kit,,,CVRB,2,207,Vinod Dham Lab-MICROPROCESSORS LAB,17.03.2006,,,,,,,,,,3,3377.48,,Electro System Associates Pvt. Ltd,242,,3377.48,10132.44,
,STEPPER MOTOR INTERFACE WITH STEPPER MOTOR,,,,,Interface Board/ Kit,,,CVRB,2,207,Vinod Dham Lab-MICROPROCESSORS LAB,29.01.2005,,,,,,,,,,2,753.687769600001,,Electro System Associates Pvt. Ltd,480,,753.687769600001,1507.3755392,
,STEPPER MOTOR INTERFACE WITH STEPPER MOTOR,,,,,Interface Board/ Kit,,,CVRB,2,207,Vinod Dham Lab-MICROPROCESSORS LAB,17.03.2006,,,,,,,,,,3,815.2412,,Electro System Associates Pvt. Ltd,242,,815.2412,2445.7236,
,RESISTIVE LOAD 50 Ohms/2A ,,,,,Equipment,,,CVRB,2,219,Faraday Lab-PRINCIPLES OF ELECTRICAL & ELECTRONICS / ANALOG ELECTRONICS LAB,31.01.2005,,,,,,,,,,6,627.62578125,,Pragna Micro Designs,193/194,,627.62578125,3765.7546875,
,DIGITAL TACHOMETER NON CONTACT TYPE,,,,,Equipment,,,CVRB,2,219,Faraday Lab-PRINCIPLES OF ELECTRICAL & ELECTRONICS / ANALOG ELECTRONICS LAB,31.01.2005,,,,,,,,,,1,0,,Pragna Micro Designs,194,,0,0,
,DC RPS 300V/2A ,,,,,Equipment,,,CVRB,2,219,Faraday Lab-PRINCIPLES OF ELECTRICAL & ELECTRONICS / ANALOG ELECTRONICS LAB,27.03.2006,,,,,,,,,,6,12375,,FRAX Electrosystems,806,,12375,74250,
,RESISTIVE LOAD 0-150 OHMS ,,,,,Equipment,,,CVRB,2,219,Faraday Lab-PRINCIPLES OF ELECTRICAL & ELECTRONICS / ANALOG ELECTRONICS LAB,31.01.2005,,,,,,,,,,3,1307.52578125,,Pragna Micro Designs,193,,1307.52578125,3922.57734375,
,AMMETER-DC- 0-200mA,,,,,Equipment,,,CVRB,2,219,Faraday Lab-PRINCIPLES OF ELECTRICAL & ELECTRONICS / ANALOG ELECTRONICS LAB,08.03.2006,,,,,,,,,,15,703.115333333333,,PAN ELECTRONICS,171,,703.115333333333,10546.73,
,Decade Resistance Box-6DIALS,,,,,Equipment,,,CVRB,2,219,Faraday Lab-PRINCIPLES OF ELECTRICAL & ELECTRONICS / ANALOG ELECTRONICS LAB,01.03.2006,,,,,,,,,,10,1350,,UDAY Engineers,115,,1350,13500,
,Decade Capacitance Box-6DIALS,,,,,Equipment,,,CVRB,2,219,Faraday Lab-PRINCIPLES OF ELECTRICAL & ELECTRONICS / ANALOG ELECTRONICS LAB,01.03.2006,,,,,,,,,,6,1440,,UDAY Engineers,115,,1440,8640,
,DIGITAL TACHOMETER NON CONTACT TYPE,,,,,Equipment,,,CVRB,2,219,Faraday Lab-PRINCIPLES OF ELECTRICAL & ELECTRONICS / ANALOG ELECTRONICS LAB,12.04.2006,,,,,,,,,,1,0,,Pragna Micro Designs,7,,0,0,
,UNIVERSAL/SINGLE PHASE IND. MOTOR CON. UNIT,,,,,Equipment,,,CVRB,2,219,Faraday Lab-PRINCIPLES OF ELECTRICAL & ELECTRONICS / ANALOG ELECTRONICS LAB,12.04.2006,,,,,,,,,,1,17718.74638889,,Pragna Micro Designs,7,,17718.74638889,35437.49277778,
,"STATIC CH. OF SCR,TRIAC,DIAC,MOSFET & IGBT STUDY UNIT",,,,,Equipment,,,CVRB,2,219,Faraday Lab-PRINCIPLES OF ELECTRICAL & ELECTRONICS / ANALOG ELECTRONICS LAB,12.04.2006,,,,,,,,,,1,3374.99638889,,Pragna Micro Designs,7,,3374.99638889,10124.98916667,
,DC POWER SUPPLY 30V/2A,,,,,Equipment,,,CVRB,2,219,Faraday Lab-PRINCIPLES OF ELECTRICAL & ELECTRONICS / ANALOG ELECTRONICS LAB,31.01.2005,,,,,,,,,,6,2745.77578125,,Pragna Micro Designs,193/194,,2745.77578125,16474.6546875,
,POWERSCOPE-522 Differential Channel 15MHz ,,,,,Equipment,,,CVRB,2,219,Faraday Lab-PRINCIPLES OF ELECTRICAL & ELECTRONICS / ANALOG ELECTRONICS LAB,27.03.2006,,,,,,,,,,1,26000,,ENERTECH SYSTEMS,547,,26000,156000,
,METERING UNIT,,,,,Equipment,,,CVRB,2,219,Faraday Lab-PRINCIPLES OF ELECTRICAL & ELECTRONICS / ANALOG ELECTRONICS LAB,12.04.2006,,,,,,,,,,3,0,,Pragna Micro Designs,7,,0,0,
,"HP RCTO 280 Pro G5,Core i7,16 GB,1TB              
DVDWR,V194 Monitor-18.5"",USB:Key board & Mouse (Desktop)",,,,,Desktop,,,CVRB,2,219,Faraday Lab-PRINCIPLES OF ELECTRICAL & ELECTRONICS / ANALOG ELECTRONICS LAB,12.03.2020,,,,,,,,,,30,50150,,"HP Sales India Pvt. Ltd.,",J9PUB22642,,50150,1504500,
,DIGITAL MULTIMETER-VARTECH V.68,,,,,Equipment,,,CVRB,2,219,Faraday Lab-PRINCIPLES OF ELECTRICAL & ELECTRONICS / ANALOG ELECTRONICS LAB,24.1.2022,,,,,,,,,,25,1770,,RGS Instruments & Services,380,,1770,44250,
,P4 Celeron COMPUTERS Desktop,,,,,Desktop,,,CVRB,2,207,Vinod Dham Lab-ADVANCED MICROPROCESSORS LAB,08.11.2006,,,,,,,,,,10,21150,,NETSEVA,73,,21150,211500,
,ALS -NIFC-01A  STEPPER MOTOR INTERFACE with out power supply                    ,,,,,Interface Board/ Kit,,,CVRB,2,207,Vinod Dham Lab-ADVANCED MICROPROCESSORS LAB,29.08.2006,,,,,,,,,,3,3225.90508666667,,Advanced Electronic systems,269,,3225.90508666667,9677.71526,
,ALS -NIFC-01A  STEPPER MOTOR INTERFACE with power supply          ,,,,,Interface Board/ Kit,,,CVRB,2,207,Vinod Dham Lab-ADVANCED MICROPROCESSORS LAB,02.05.2013,,,,,,,,,,5,4837.6,,Advanced Electronic systems,79,,4837.6,24188,
,"POWER SUPPLY 5V, 1A",,,,,Equipment,,,CVRB,2,207,Vinod Dham Lab-ADVANCED MICROPROCESSORS LAB,29.08.2006,,,,,,,,,,3,771.57842,,Advanced Electronic systems,269,,771.57842,2314.73526,
,ALS- NIFC-05A  LOGIC CONTROLLER  INTERFACE  ,,,,,Interface Board/ Kit,,,CVRB,2,207,Vinod Dham Lab-ADVANCED MICROPROCESSORS LAB,29.08.2006,,,,,,,,,,3,893.641753333333,,Advanced Electronic systems,269,,893.641753333333,2680.92526,
,ALS- NIFC-05A  LOGIC CONTROLLER  INTERFACE  ,,,,,Interface Board/ Kit,,,CVRB,2,207,Vinod Dham Lab-ADVANCED MICROPROCESSORS LAB,02.05.2013,,,,,,,,,,5,944.62,,Advanced Electronic systems,79,,944.62,4723.1,
,ALS- NIFC-06A  DUAL DAC INTERFACE                  ,,,,,Interface Board/ Kit,,,CVRB,2,207,Vinod Dham Lab-ADVANCED MICROPROCESSORS LAB,29.08.2006,,,,,,,,,,2,741.06342,,Advanced Electronic systems,269,,741.06342,1482.12684,
,ALS- NIFC-07A  8BIT ADC  INTERFACE                    ,,,,,Interface Board/ Kit,,,CVRB,2,207,Vinod Dham Lab-ADVANCED MICROPROCESSORS LAB,29.08.2006,,,,,,,,,,2,937.23342,,Advanced Electronic systems,269,,937.23342,1874.46684,
,ALS- NIFC-09  KEY BOARD DISPLAY                    ,,,,,Interface Board/ Kit,,,CVRB,2,207,Vinod Dham Lab-ADVANCED MICROPROCESSORS LAB,29.08.2006,,,,,,,,,,3,1068.01508666667,,Advanced Electronic systems,269,,1068.01508666667,3204.04526,
, ALS- NIFC-38   7 SEG. DISPLAY INTERFACE                             ,,,,,Interface Board/ Kit,,,CVRB,2,207,Vinod Dham Lab-ADVANCED MICROPROCESSORS LAB,29.08.2006,,,,,,,,,,3,1002.62508666667,,Advanced Electronic systems,269,,1002.62508666667,3007.87526,
